Forecasted_AQI,Lower_Bound,Upper_Bound,Prophet_Forecast,ARIMA_Forecast,Prophet_Lower,Prophet_Upper,ARIMA_Lower,ARIMA_Upper,AQI_Category,Health_Recommendation,Risk_Level,Confidence_Score,Category_Code
58.30016960283187,36.48720288485935,79.67878394182159,60.20967344070933,53.84466064778448,42.168984336674534,77.62985914619726,23.22971283062392,84.45960846494503,Moderate,Unusually sensitive people should consider reducing prolonged outdoor exertion.,2,0.0,1
55.06448267054961,33.795864039877635,76.08075460013396,57.44136170498356,49.51843159020373,40.236026242461655,74.28620188023743,18.768818900514937,80.26804427989254,Moderate,Unusually sensitive people should consider reducing prolonged outdoor exertion.,2,0.020992296982834446,1
54.357627118235776,32.624406548306965,75.44097171696637,55.590499359517516,51.48092522191173,37.778908706779156,72.473695767687,20.597234845205193,82.36461559861827,Moderate,Unusually sensitive people should consider reducing prolonged outdoor exertion.,2,0.008682615433971974,1
47.022376331545054,25.533480780734024,68.1757303164508,44.760696484446235,52.29962930810896,27.3553550516651,61.68669282307697,21.282440815228174,83.31681780098975,Good,Air quality is satisfactory. Enjoy outdoor activities!,1,0.012718486052200717,0
42.412387009721314,20.920465918194473,63.99623634679968,41.53396543137109,44.46203735920519,24.18127008191766,59.01798684589811,13.311922869507043,75.61215184890334,Good,Air quality is satisfactory. Enjoy outdoor activities!,1,0.0026813241266696597,0
44.46087428800645,23.572259934139797,65.4622346352528,43.068032509772365,47.71083843721933,26.6339301443939,59.663200579978955,16.428362776880228,78.99331409755843,Good,Air quality is satisfactory. Enjoy outdoor activities!,1,0.030135649679798537,0
47.736774531555916,26.65920799176485,69.25093244224905,46.891897116172075,49.70815516745155,30.244350264042104,64.16314592673358,18.293876023117928,81.12243431178517,Good,Air quality is satisfactory. Enjoy outdoor activities!,1,0.013888276182502546,0
