Forecasted_AQI,Lower_Bound,Upper_Bound,Prophet_Forecast,ARIMA_Forecast,Prophet_Lower,Prophet_Upper,ARIMA_Lower,ARIMA_Upper,AQI_Category,Health_Recommendation,Risk_Level,Confidence_Score,Category_Code
58.30016960283187,36.712853152863865,80.41652756101061,60.20967344070933,53.84466064778448,42.491341862395274,78.68377860218159,23.22971283062392,84.45960846494503,Moderate,Unusually sensitive people should consider reducing prolonged outdoor exertion.,2,0.0,1
55.06448267054961,34.539985974309246,75.89064270521756,57.44136170498356,49.51843159020373,41.29905757736395,74.01461345892828,18.768818900514937,80.26804427989254,Moderate,Unusually sensitive people should consider reducing prolonged outdoor exertion.,2,0.05384027107798084,1
54.357627118235776,32.5746782584416,75.7120421208834,55.590499359517516,51.48092522191173,37.70786829268578,72.86093920185417,20.597234845205193,82.36461559861827,Moderate,Unusually sensitive people should consider reducing prolonged outdoor exertion.,2,0.012957961850443067,1
47.022376331545054,26.01918850315672,68.42768626483331,44.760696484446235,52.29962930810896,28.049223226554673,62.046629892194844,21.282440815228174,83.31681780098975,Good,Air quality is satisfactory. Enjoy outdoor activities!,1,0.029635417708235523,0
42.412387009721314,21.142142033853453,63.61922645344548,41.53396543137109,44.46203735920519,24.497950247144775,58.479401283963554,13.311922869507043,75.61215184890334,Good,Air quality is satisfactory. Enjoy outdoor activities!,1,0.028066060924297753,0
44.46087428800645,23.787051661025377,65.64754256673625,43.068032509772365,47.71083843721933,26.940775468516154,59.927926196383886,16.428362776880228,78.99331409755843,Good,Air quality is satisfactory. Enjoy outdoor activities!,1,0.042174566038142625,0
47.736774531555916,26.85974196299715,69.04325845264884,46.891897116172075,49.70815516745155,30.53082736580253,63.86646879873329,18.293876023117928,81.12243431178517,Good,Air quality is satisfactory. Enjoy outdoor activities!,1,0.03478329772225475,0
