Forecasted_AQI,Lower_Bound,Upper_Bound,Prophet_Forecast,ARIMA_Forecast,Prophet_Lower,Prophet_Upper,ARIMA_Lower,ARIMA_Upper,AQI_Category,Health_Recommendation,Risk_Level,Confidence_Score,Category_Code
58.30016960283187,37.44265863622582,80.1806981350835,60.20967344070933,53.84466064778448,43.53392112434092,78.34687942228571,23.22971283062392,84.45960846494503,Moderate,Unusually sensitive people should consider reducing prolonged outdoor exertion.,2,0.0,1
55.06448267054961,34.43803608205857,75.89961538379474,57.44136170498356,49.51843159020373,41.153414874148694,74.0274315711814,18.768818900514937,80.26804427989254,Moderate,Unusually sensitive people should consider reducing prolonged outdoor exertion.,2,0.02986707420576995,1
54.357627118235776,33.054956015504395,75.129257086144,55.590499359517516,51.48092522191173,38.39397937420406,72.02838915222645,20.597234845205193,82.36461559861827,Moderate,Unusually sensitive people should consider reducing prolonged outdoor exertion.,2,0.015530390162979302,1
47.022376331545054,26.170627604282842,68.1278727154741,44.760696484446235,52.29962930810896,28.265564799591985,61.61832482168168,21.282440815228174,83.31681780098975,Good,Air quality is satisfactory. Enjoy outdoor activities!,1,0.018269307549479308,0
42.412387009721314,21.128462483596458,63.323119334687846,41.53396543137109,44.46203735920519,24.478408032491924,58.05639111430978,13.311922869507043,75.61215184890334,Good,Air quality is satisfactory. Enjoy outdoor activities!,1,0.012714262379321717,0
44.46087428800645,22.734556876047428,65.2949494914849,43.068032509772365,47.71083843721933,25.43721148997623,59.42422180316769,16.428362776880228,78.99331409755843,Good,Air quality is satisfactory. Enjoy outdoor activities!,1,0.004156645590281616,0
47.736774531555916,26.344601903821935,68.29186692079399,46.891897116172075,49.70815516745155,29.794912995552227,62.79305232465492,18.293876023117928,81.12243431178517,Good,Air quality is satisfactory. Enjoy outdoor activities!,1,0.018502825378940546,0
