Forecasted_AQI,Lower_Bound,Upper_Bound,Prophet_Forecast,ARIMA_Forecast,Prophet_Lower,Prophet_Upper,ARIMA_Lower,ARIMA_Upper,AQI_Category,Health_Recommendation,Risk_Level,Confidence_Score,Category_Code
51.96074353894177,39.57463041607196,63.96687362964215,52.331797467405,51.094951039194235,41.24776180345396,62.87300022825687,35.670657178847314,66.51924489954115,Moderate,Unusually sensitive people should consider reducing prolonged outdoor exertion.,2,0.0,1
51.871853735411925,40.65958660110199,63.19771923209811,52.20481203379094,51.094951039194235,42.79769921063971,61.77420823176538,35.670657178847314,66.51924489954115,Moderate,Unusually sensitive people should consider reducing prolonged outdoor exertion.,2,0.07601230302355177,1
52.11964056536861,40.31634326755058,63.72061687198803,52.55879321944335,51.094951039194235,42.30735159128056,62.52120486017955,35.670657178847314,66.51924489954115,Moderate,Unusually sensitive people should consider reducing prolonged outdoor exertion.,2,0.040503433836831415,1
52.006748070839926,40.24171552311421,63.675690050321734,52.39751822725951,51.094951039194235,42.20074052780003,62.45702368637056,35.670657178847314,66.51924489954115,Moderate,Unusually sensitive people should consider reducing prolonged outdoor exertion.,2,0.03928579581518554,1
51.961683862186156,40.22207837694222,63.21483348491441,52.33314078632555,51.094951039194235,42.17268746184004,61.798657164360094,35.670657178847314,66.51924489954115,Moderate,Unusually sensitive people should consider reducing prolonged outdoor exertion.,2,0.05737430925661735,1
52.23506688239127,40.30448097113804,63.44214304140644,52.72368795804715,51.094951039194235,42.29040545354836,62.12338510220586,35.670657178847314,66.51924489954115,Moderate,Unusually sensitive people should consider reducing prolonged outdoor exertion.,2,0.051433610771961624,1
51.982473359068905,40.58442971049804,64.27336133617354,52.362840067586625,51.094951039194235,42.690332224062644,63.310839809016,35.670657178847314,66.51924489954115,Moderate,Unusually sensitive people should consider reducing prolonged outdoor exertion.,2,0.02883341157829311,1
