Forecasted_AQI,Lower_Bound,Upper_Bound,Prophet_Forecast,ARIMA_Forecast,Prophet_Lower,Prophet_Upper,ARIMA_Lower,ARIMA_Upper,AQI_Category,Health_Recommendation,Risk_Level,Confidence_Score,Category_Code
58.30016960283187,36.38290219747568,78.7745223598805,60.20967344070933,53.84466064778448,42.019983354697864,76.33805688628144,23.22971283062392,84.45960846494503,Moderate,Unusually sensitive people should consider reducing prolonged outdoor exertion.,2,0.00925294007645272,1
55.06448267054961,33.91407685583628,76.27160640769479,57.44136170498356,49.51843159020373,40.40490169383114,74.55884731961004,18.768818900514937,80.26804427989254,Moderate,Unusually sensitive people should consider reducing prolonged outdoor exertion.,2,0.010049681791923115,1
54.357627118235776,32.91334643791457,75.14521545906342,55.590499359517516,51.48092522191173,38.191679977647155,72.05118682782563,20.597234845205193,82.36461559861827,Moderate,Unusually sensitive people should consider reducing prolonged outdoor exertion.,2,0.012986531123750145,1
47.022376331545054,26.787166401993424,68.06790018300316,44.760696484446235,52.29962930810896,29.1463345106071,61.53264977529462,21.282440815228174,83.31681780098975,Good,Air quality is satisfactory. Enjoy outdoor activities!,1,0.035215793396514594,0
42.412387009721314,21.687882046270293,63.842848497600514,41.53396543137109,44.46203735920519,25.27757883631169,58.79886134704216,13.311922869507043,75.61215184890334,Good,Air quality is satisfactory. Enjoy outdoor activities!,1,0.014783843768477634,0
44.46087428800645,23.514457107585127,66.17640787873565,43.068032509772365,47.71083843721933,26.55135467788723,60.68344807066874,16.428362776880228,78.99331409755843,Good,Air quality is satisfactory. Enjoy outdoor activities!,1,0.002934963674605773,0
47.736774531555916,25.771397061867138,68.55892768111121,46.891897116172075,49.70815516745155,28.9760489356168,63.17456769653666,18.293876023117928,81.12243431178517,Good,Air quality is satisfactory. Enjoy outdoor activities!,1,0.0,0
