Forecasted_AQI,Lower_Bound,Upper_Bound,Prophet_Forecast,ARIMA_Forecast,Prophet_Lower,Prophet_Upper,ARIMA_Lower,ARIMA_Upper,AQI_Category,Health_Recommendation,Risk_Level,Confidence_Score,Category_Code
58.30016960283187,37.20515140523631,79.55540495765891,60.20967344070933,53.84466064778448,43.19462508007019,77.45360345453629,23.22971283062392,84.45960846494503,Moderate,Unusually sensitive people should consider reducing prolonged outdoor exertion.,2,0.016266927072833837,1
55.06448267054961,34.34045169167693,76.14325726229521,57.44136170498356,49.51843159020373,41.01400860217493,74.37549139761065,18.768818900514937,80.26804427989254,Moderate,Unusually sensitive people should consider reducing prolonged outdoor exertion.,2,0.028983325210604538,1
54.357627118235776,33.794107392863026,75.48721646947689,55.590499359517516,51.48092522191173,39.44990991328781,72.53975969984488,20.597234845205193,82.36461559861827,Moderate,Unusually sensitive people should consider reducing prolonged outdoor exertion.,2,0.03153141076108934,1
47.022376331545054,25.398565967383163,68.29642563562433,44.760696484446235,52.29962930810896,27.16261960402102,61.859114707610594,21.282440815228174,83.31681780098975,Good,Air quality is satisfactory. Enjoy outdoor activities!,1,0.003546855718335573,0
42.412387009721314,21.089997764782986,63.39501480195659,41.53396543137109,44.46203735920519,24.423458434186962,58.159098924693716,13.311922869507043,75.61215184890334,Good,Air quality is satisfactory. Enjoy outdoor activities!,1,0.01731770368977492,0
44.46087428800645,23.104034517513753,64.92188028074149,43.068032509772365,47.71083843721933,25.96503669207098,58.89126578781995,16.428362776880228,78.99331409755843,Good,Air quality is satisfactory. Enjoy outdoor activities!,1,0.028633964022605873,0
47.736774531555916,26.531605757542028,69.5821595286036,46.891897116172075,49.70815516745155,30.0620613580095,64.63632747866865,18.293876023117928,81.12243431178517,Good,Air quality is satisfactory. Enjoy outdoor activities!,1,0.0,0
